request_id,amount_safe_to_pay,affordability_status,recommended_payment_method,payment_plan,earliest_date_for_full_payment,spending_changes_needed,decision_explanation
request_26,15656000.0,affordable_now,not_recommended,none,2025-08-03,none,"The requested purchase of 15,656,000.00 IDR fits within the calculated safe spending amount of 15,656,000.00 IDR. Proceed with the purchase while maintaining the required financial reserve. The requested purchase fits within the current available balance. The purchase preserves the required minimum financial reserve. The 90-day forecast remains above the user's safety floor."
request_27,6670.0,affordable_now,not_recommended,none,2026-07-05,none,"The requested purchase of 6,670.00 ZAR fits within the calculated safe spending amount of 6,670.00 ZAR. Proceed with the purchase while maintaining the required financial reserve. The requested purchase fits within the current available balance. The purchase preserves the required minimum financial reserve. The 90-day forecast remains above the user's safety floor."
request_28,689.4000000000001,not_affordable,not_recommended,none,,Consider stopping non-essential spending in streaming.|Consider stopping non-essential spending in cloud_storage.,"The requested purchase of 1,302.40 EUR exceeds the currently calculated safe spending capacity of 689.40 EUR. Do not make the purchase yet. Consider reducing or stopping non-essential spending before reconsidering the purchase. The requested amount cannot be safely supported by the current financial position. Available payment plans do not provide a safe solution."
request_29,51524.0,affordable_now,not_recommended,none,2025-11-04,none,"The requested purchase of 51,524.00 ZAR fits within the calculated safe spending amount of 51,524.00 ZAR. Proceed with the purchase while maintaining the required financial reserve. The requested purchase fits within the current available balance. The purchase preserves the required minimum financial reserve. The 90-day forecast remains above the user's safety floor."
request_30,775.2,affordable_now,not_recommended,none,2026-04-06,none,The requested purchase of 775.20 USD fits within the calculated safe spending amount of 775.20 USD. Proceed with the purchase while maintaining the required financial reserve. The requested purchase fits within the current available balance. The purchase preserves the required minimum financial reserve. The 90-day forecast remains above the user's safety floor.
request_31,18164000.0,affordable_later,not_recommended,none,2024-09-15,none,"The requested purchase of 18,164,000.00 IDR is safer after the financial position improves. The calculated earliest safe date is 2024-09-15. Wait until 2024-09-15 before making the purchase. The purchase is not safely affordable under the current cash position. Waiting until the identified future date provides a safer cash position."
request_32,33305.8,not_affordable,not_recommended,none,,Consider reducing spending in dining.|Consider stopping non-essential spending in delivery_membership.,"The requested purchase of 40,018.00 ZAR exceeds the currently calculated safe spending capacity of 33,305.80 ZAR. Do not make the purchase yet. Consider reducing or stopping non-essential spending before reconsidering the purchase. The requested amount cannot be safely supported by the current financial position. Available payment plans do not provide a safe solution."
request_33,65180.0,not_affordable,not_recommended,none,,Consider reducing spending in streaming.|Consider reducing spending in shopping.|Consider reducing spending in entertainment.|Consider stopping non-essential spending in streaming.|Consider stopping non-essential spending in cloud_storage.,"The requested purchase of 118,000.00 INR exceeds the currently calculated safe spending capacity of 65,180.00 INR. Do not make the purchase yet. Consider reducing or stopping non-essential spending before reconsidering the purchase. The requested amount cannot be safely supported by the current financial position. Available payment plans do not provide a safe solution."
request_34,129400.0,affordable_now,not_recommended,none,2024-12-04,none,"The requested purchase of 129,400.00 INR fits within the calculated safe spending amount of 129,400.00 INR. Proceed with the purchase while maintaining the required financial reserve. The requested purchase fits within the current available balance. The purchase preserves the required minimum financial reserve. The 90-day forecast remains above the user's safety floor."
request_35,125130.0,not_affordable,not_recommended,none,,Consider reducing spending in dining.,"The requested purchase of 212,000.00 INR exceeds the currently calculated safe spending capacity of 125,130.00 INR. Do not make the purchase yet. Consider reducing or stopping non-essential spending before reconsidering the purchase. The requested amount cannot be safely supported by the current financial position. Available payment plans do not provide a safe solution."
request_36,1446.6,not_affordable,not_recommended,none,,Consider reducing spending in dining.|Consider reducing spending in streaming.,"The requested purchase of 3,954.00 USD exceeds the currently calculated safe spending capacity of 1,446.60 USD. Do not make the purchase yet. Consider reducing or stopping non-essential spending before reconsidering the purchase. The requested amount cannot be safely supported by the current financial position. Available payment plans do not provide a safe solution."
request_37,12068800.0,not_affordable,not_recommended,none,,Consider reducing spending in streaming.,"The requested purchase of 14,649,000.00 IDR exceeds the currently calculated safe spending capacity of 12,068,800.00 IDR. Do not make the purchase yet. Consider reducing or stopping non-essential spending before reconsidering the purchase. The requested amount cannot be safely supported by the current financial position. Available payment plans do not provide a safe solution."
request_38,379.4,not_affordable,not_recommended,none,,Consider reducing spending in dining.|Consider stopping non-essential spending in cloud_storage.,The requested purchase of 971.30 EUR exceeds the currently calculated safe spending capacity of 379.40 EUR. Do not make the purchase yet. Consider reducing or stopping non-essential spending before reconsidering the purchase. The requested amount cannot be safely supported by the current financial position. Available payment plans do not provide a safe solution.
request_39,203105.0,not_affordable,not_recommended,none,,Consider reducing spending in streaming.,"The requested purchase of 208,600.00 INR exceeds the currently calculated safe spending capacity of 203,105.00 INR. Do not make the purchase yet. Consider reducing or stopping non-essential spending before reconsidering the purchase. The requested amount cannot be safely supported by the current financial position. Available payment plans do not provide a safe solution."
request_40,894.0,not_affordable,not_recommended,none,,Consider reducing spending in dining.,"The requested purchase of 1,290.30 EUR exceeds the currently calculated safe spending capacity of 894.00 EUR. Do not make the purchase yet. Consider reducing or stopping non-essential spending before reconsidering the purchase. The requested amount cannot be safely supported by the current financial position. Available payment plans do not provide a safe solution."
request_41,24809250.0,not_affordable,not_recommended,none,,Consider reducing spending in dining.|Consider reducing spending in streaming.|Consider reducing spending in shopping.,"The requested purchase of 38,760,000.00 IDR exceeds the currently calculated safe spending capacity of 24,809,250.00 IDR. Do not make the purchase yet. Consider reducing or stopping non-essential spending before reconsidering the purchase. The requested amount cannot be safely supported by the current financial position. Available payment plans do not provide a safe solution."
request_42,52100.0,affordable_now,not_recommended,none,2026-01-05,none,"The requested purchase of 52,100.00 INR fits within the calculated safe spending amount of 52,100.00 INR. Proceed with the purchase while maintaining the required financial reserve. The requested purchase fits within the current available balance. The purchase preserves the required minimum financial reserve. The 90-day forecast remains above the user's safety floor."
request_43,15242750.0,not_affordable,not_recommended,none,,Consider reducing spending in dining.|Consider stopping non-essential spending in music_subscription.,"The requested purchase of 43,339,000.00 IDR exceeds the currently calculated safe spending capacity of 15,242,750.00 IDR. Do not make the purchase yet. Consider reducing or stopping non-essential spending before reconsidering the purchase. The requested amount cannot be safely supported by the current financial position. Available payment plans do not provide a safe solution."
request_44,74560.0,not_affordable,not_recommended,none,,Consider reducing spending in dining.,"The requested purchase of 95,800.00 INR exceeds the currently calculated safe spending capacity of 74,560.00 INR. Do not make the purchase yet. Consider reducing or stopping non-essential spending before reconsidering the purchase. The requested amount cannot be safely supported by the current financial position. Available payment plans do not provide a safe solution."
request_45,8833100.0,not_affordable,not_recommended,none,,Consider reducing spending in dining.|Consider reducing spending in streaming.|Consider stopping non-essential spending in streaming.,"The requested purchase of 21,983,000.00 IDR exceeds the currently calculated safe spending capacity of 8,833,100.00 IDR. Do not make the purchase yet. Consider reducing or stopping non-essential spending before reconsidering the purchase. The requested amount cannot be safely supported by the current financial position. Available payment plans do not provide a safe solution."
request_46,49450.0,affordable_now,not_recommended,none,2024-12-03,none,"The requested purchase of 49,450.00 INR fits within the calculated safe spending amount of 49,450.00 INR. Proceed with the purchase while maintaining the required financial reserve. The requested purchase fits within the current available balance. The purchase preserves the required minimum financial reserve. The 90-day forecast remains above the user's safety floor."
request_47,38114000.0,affordable_now,not_recommended,none,2025-05-05,none,"The requested purchase of 38,114,000.00 IDR fits within the calculated safe spending amount of 38,114,000.00 IDR. Proceed with the purchase while maintaining the required financial reserve. The requested purchase fits within the current available balance. The purchase preserves the required minimum financial reserve. The 90-day forecast remains above the user's safety floor."
request_48,45700.0,affordable_now,not_recommended,none,2026-07-25,none,"The requested purchase of 45,700.00 INR fits within the calculated safe spending amount of 45,700.00 INR. Proceed with the purchase while maintaining the required financial reserve. The requested purchase fits within the current available balance. The purchase preserves the required minimum financial reserve. The 90-day forecast remains above the user's safety floor."
request_49,20228793.340000004,not_affordable,not_recommended,none,,Consider reducing spending in dining.|Consider reducing spending in gym.,"The requested purchase of 34,333,000.00 IDR exceeds the currently calculated safe spending capacity of 20,228,793.34 IDR. Do not make the purchase yet. Consider reducing or stopping non-essential spending before reconsidering the purchase. The requested amount cannot be safely supported by the current financial position. Available payment plans do not provide a safe solution."
request_50,43900.0,affordable_now,not_recommended,none,2025-08-06,none,"The requested purchase of 43,900.00 INR fits within the calculated safe spending amount of 43,900.00 INR. Proceed with the purchase while maintaining the required financial reserve. The requested purchase fits within the current available balance. The purchase preserves the required minimum financial reserve. The 90-day forecast remains above the user's safety floor."
request_51,2191000.0,affordable_now,not_recommended,none,2026-01-03,none,"The requested purchase of 2,191,000.00 IDR fits within the calculated safe spending amount of 2,191,000.00 IDR. Proceed with the purchase while maintaining the required financial reserve. The requested purchase fits within the current available balance. The purchase preserves the required minimum financial reserve. The 90-day forecast remains above the user's safety floor."
request_52,28870.0,affordable_now,not_recommended,none,2024-06-05,none,"The requested purchase of 28,870.00 INR fits within the calculated safe spending amount of 28,870.00 INR. Proceed with the purchase while maintaining the required financial reserve. The requested purchase fits within the current available balance. The purchase preserves the required minimum financial reserve. The 90-day forecast remains above the user's safety floor."
request_53,1423.42,not_affordable,not_recommended,none,,Consider reducing spending in dining.|Consider stopping non-essential spending in delivery_membership.,"The requested purchase of 1,699.20 USD exceeds the currently calculated safe spending capacity of 1,423.42 USD. Do not make the purchase yet. Consider reducing or stopping non-essential spending before reconsidering the purchase. The requested amount cannot be safely supported by the current financial position. Available payment plans do not provide a safe solution."
request_54,16581.4,not_affordable,not_recommended,none,,Consider stopping non-essential spending in streaming.,"The requested purchase of 121,528.00 ZAR exceeds the currently calculated safe spending capacity of 16,581.40 ZAR. Do not make the purchase yet. Consider reducing or stopping non-essential spending before reconsidering the purchase. The requested amount cannot be safely supported by the current financial position. Available payment plans do not provide a safe solution."
request_55,176241.19,not_affordable,not_recommended,none,,Consider reducing spending in dining.|Consider reducing spending in shopping.|Consider stopping non-essential spending in streaming.|Consider stopping non-essential spending in cloud_storage.,"The requested purchase of 218,600.00 INR exceeds the currently calculated safe spending capacity of 176,241.19 INR. Do not make the purchase yet. Consider reducing or stopping non-essential spending before reconsidering the purchase. The requested amount cannot be safely supported by the current financial position. Available payment plans do not provide a safe solution."
request_56,881.56,affordable_now,not_recommended,none,2025-02-03,none,The requested purchase of 881.56 USD fits within the calculated safe spending amount of 881.56 USD. Proceed with the purchase while maintaining the required financial reserve. The requested purchase fits within the current available balance. The purchase preserves the required minimum financial reserve. The 90-day forecast remains above the user's safety floor.
request_57,21214.6,not_affordable,not_recommended,none,,Consider reducing spending in shopping.|Consider stopping non-essential spending in streaming.|Consider stopping non-essential spending in cloud_storage.,"The requested purchase of 61,446.00 ZAR exceeds the currently calculated safe spending capacity of 21,214.60 ZAR. Do not make the purchase yet. Consider reducing or stopping non-essential spending before reconsidering the purchase. The requested amount cannot be safely supported by the current financial position. Available payment plans do not provide a safe solution."
request_58,16226000.0,affordable_now,not_recommended,none,2024-12-07,none,"The requested purchase of 16,226,000.00 IDR fits within the calculated safe spending amount of 16,226,000.00 IDR. Proceed with the purchase while maintaining the required financial reserve. The requested purchase fits within the current available balance. The purchase preserves the required minimum financial reserve. The 90-day forecast remains above the user's safety floor."
request_59,140600.0,affordable_now,not_recommended,none,2025-05-04,none,"The requested purchase of 140,600.00 INR fits within the calculated safe spending amount of 140,600.00 INR. Proceed with the purchase while maintaining the required financial reserve. The requested purchase fits within the current available balance. The purchase preserves the required minimum financial reserve. The 90-day forecast remains above the user's safety floor."
request_60,199.89,affordable_now,not_recommended,none,2026-01-06,none,The requested purchase of 199.89 USD fits within the calculated safe spending amount of 199.89 USD. Proceed with the purchase while maintaining the required financial reserve. The requested purchase fits within the current available balance. The purchase preserves the required minimum financial reserve. The 90-day forecast remains above the user's safety floor.
request_61,29062.0,affordable_now,not_recommended,none,2024-03-03,none,"The requested purchase of 29,062.00 ZAR fits within the calculated safe spending amount of 29,062.00 ZAR. Proceed with the purchase while maintaining the required financial reserve. The requested purchase fits within the current available balance. The purchase preserves the required minimum financial reserve. The 90-day forecast remains above the user's safety floor."
request_62,404.23,affordable_now,not_recommended,none,2025-08-05,none,The requested purchase of 404.23 USD fits within the calculated safe spending amount of 404.23 USD. Proceed with the purchase while maintaining the required financial reserve. The requested purchase fits within the current available balance. The purchase preserves the required minimum financial reserve. The 90-day forecast remains above the user's safety floor.
request_63,98295.0,not_affordable,not_recommended,none,,Consider reducing spending in shopping.|Consider stopping non-essential spending in streaming.,"The requested purchase of 343,900.00 INR exceeds the currently calculated safe spending capacity of 98,295.00 INR. Do not make the purchase yet. Consider reducing or stopping non-essential spending before reconsidering the purchase. The requested amount cannot be safely supported by the current financial position. Available payment plans do not provide a safe solution."
request_64,60233.009999999995,not_affordable,not_recommended,none,,Consider reducing spending in streaming.|Consider reducing spending in entertainment.,"The requested purchase of 63,700.00 INR exceeds the currently calculated safe spending capacity of 60,233.01 INR. Do not make the purchase yet. Consider reducing or stopping non-essential spending before reconsidering the purchase. The requested amount cannot be safely supported by the current financial position. Available payment plans do not provide a safe solution."
request_65,13024.0,not_affordable,not_recommended,none,,Consider reducing spending in dining.|Consider reducing spending in entertainment.,"The requested purchase of 54,340.00 ZAR exceeds the currently calculated safe spending capacity of 13,024.00 ZAR. Do not make the purchase yet. Consider reducing or stopping non-essential spending before reconsidering the purchase. The requested amount cannot be safely supported by the current financial position. Available payment plans do not provide a safe solution."
request_66,22200.0,affordable_now,not_recommended,none,2026-04-03,none,"The requested purchase of 22,200.00 INR fits within the calculated safe spending amount of 22,200.00 INR. Proceed with the purchase while maintaining the required financial reserve. The requested purchase fits within the current available balance. The purchase preserves the required minimum financial reserve. The 90-day forecast remains above the user's safety floor."
request_67,2094.0,affordable_later,not_recommended,none,2024-09-15,none,"The requested purchase of 2,094.00 USD is safer after the financial position improves. The calculated earliest safe date is 2024-09-15. Wait until 2024-09-15 before making the purchase. The purchase is not safely affordable under the current cash position. Waiting until the identified future date provides a safer cash position."
request_68,2091.6,affordable_now,not_recommended,none,2025-02-07,none,"The requested purchase of 2,091.60 USD fits within the calculated safe spending amount of 2,091.60 USD. Proceed with the purchase while maintaining the required financial reserve. The requested purchase fits within the current available balance. The purchase preserves the required minimum financial reserve. The 90-day forecast remains above the user's safety floor."
request_69,529.1,affordable_now,not_recommended,none,2026-01-04,none,The requested purchase of 529.10 EUR fits within the calculated safe spending amount of 529.10 EUR. Proceed with the purchase while maintaining the required financial reserve. The requested purchase fits within the current available balance. The purchase preserves the required minimum financial reserve. The 90-day forecast remains above the user's safety floor.
request_70,93360.0,not_affordable,not_recommended,none,,Consider reducing spending in dining.|Consider stopping non-essential spending in music_subscription.,"The requested purchase of 243,900.00 INR exceeds the currently calculated safe spending capacity of 93,360.00 INR. Do not make the purchase yet. Consider reducing or stopping non-essential spending before reconsidering the purchase. The requested amount cannot be safely supported by the current financial position. Available payment plans do not provide a safe solution."
request_71,7485050.0,not_affordable,not_recommended,none,,Consider stopping non-essential spending in streaming.|Consider stopping non-essential spending in cloud_storage.,"The requested purchase of 21,451,000.00 IDR exceeds the currently calculated safe spending capacity of 7,485,050.00 IDR. Do not make the purchase yet. Consider reducing or stopping non-essential spending before reconsidering the purchase. The requested amount cannot be safely supported by the current financial position. Available payment plans do not provide a safe solution."
request_72,11330.0,affordable_now,not_recommended,none,2026-07-05,none,"The requested purchase of 11,330.00 ZAR fits within the calculated safe spending amount of 11,330.00 ZAR. Proceed with the purchase while maintaining the required financial reserve. The requested purchase fits within the current available balance. The purchase preserves the required minimum financial reserve. The 90-day forecast remains above the user's safety floor."
request_73,71400.0,affordable_now,not_recommended,none,2023-01-20,none,"The requested purchase of 71,400.00 INR fits within the calculated safe spending amount of 71,400.00 INR. Proceed with the purchase while maintaining the required financial reserve. The requested purchase fits within the current available balance. The purchase preserves the required minimum financial reserve. The 90-day forecast remains above the user's safety floor."
request_74,5010.0,affordable_now,not_recommended,none,2025-08-04,none,"The requested purchase of 5,010.00 ZAR fits within the calculated safe spending amount of 5,010.00 ZAR. Proceed with the purchase while maintaining the required financial reserve. The requested purchase fits within the current available balance. The purchase preserves the required minimum financial reserve. The 90-day forecast remains above the user's safety floor."
request_75,28270.0,affordable_now,not_recommended,none,2026-04-06,none,"The requested purchase of 28,270.00 ZAR fits within the calculated safe spending amount of 28,270.00 ZAR. Proceed with the purchase while maintaining the required financial reserve. The requested purchase fits within the current available balance. The purchase preserves the required minimum financial reserve. The 90-day forecast remains above the user's safety floor."
request_76,1538.8000000000002,not_affordable,not_recommended,none,,Consider reducing spending in gym.|Consider stopping non-essential spending in music_subscription.|Consider stopping non-essential spending in delivery_membership.,"The requested purchase of 4,455.60 USD exceeds the currently calculated safe spending capacity of 1,538.80 USD. Do not make the purchase yet. Consider reducing or stopping non-essential spending before reconsidering the purchase. The requested amount cannot be safely supported by the current financial position. Available payment plans do not provide a safe solution."
request_77,60700.0,affordable_now,not_recommended,none,2025-11-05,none,"The requested purchase of 60,700.00 INR fits within the calculated safe spending amount of 60,700.00 INR. Proceed with the purchase while maintaining the required financial reserve. The requested purchase fits within the current available balance. The purchase preserves the required minimum financial reserve. The 90-day forecast remains above the user's safety floor."
request_78,50200.0,affordable_now,not_recommended,none,2025-10-02,none,"The requested purchase of 50,200.00 INR fits within the calculated safe spending amount of 50,200.00 INR. Proceed with the purchase while maintaining the required financial reserve. The requested purchase fits within the current available balance. The purchase preserves the required minimum financial reserve. The 90-day forecast remains above the user's safety floor."
request_79,2151.6,affordable_later,not_recommended,none,2024-09-15,none,"The requested purchase of 2,151.60 EUR is safer after the financial position improves. The calculated earliest safe date is 2024-09-15. Wait until 2024-09-15 before making the purchase. The purchase is not safely affordable under the current cash position. Waiting until the identified future date provides a safer cash position."
request_80,158825.0,not_affordable,not_recommended,none,,Consider reducing spending in dining.|Consider stopping non-essential spending in music_subscription.|Consider stopping non-essential spending in delivery_membership.,"The requested purchase of 217,500.00 INR exceeds the currently calculated safe spending capacity of 158,825.00 INR. Do not make the purchase yet. Consider reducing or stopping non-essential spending before reconsidering the purchase. The requested amount cannot be safely supported by the current financial position. Available payment plans do not provide a safe solution."
request_81,2076.0,affordable_now,not_recommended,none,2026-07-03,none,"The requested purchase of 2,076.00 USD fits within the calculated safe spending amount of 2,076.00 USD. Proceed with the purchase while maintaining the required financial reserve. The requested purchase fits within the current available balance. The purchase preserves the required minimum financial reserve. The 90-day forecast remains above the user's safety floor."
request_82,1102.4,not_affordable,not_recommended,none,,none,"The requested purchase of 1,405.20 USD exceeds the currently calculated safe spending capacity of 1,102.40 USD. Do not make the purchase yet. The current financial position does not safely support it. The requested amount cannot be safely supported by the current financial position. Available payment plans do not provide a safe solution."
request_83,31130.0,not_affordable,not_recommended,none,,Consider reducing spending in dining.|Consider reducing spending in entertainment.|Consider stopping non-essential spending in cloud_storage.,"The requested purchase of 156,200.00 INR exceeds the currently calculated safe spending capacity of 31,130.00 INR. Do not make the purchase yet. Consider reducing or stopping non-essential spending before reconsidering the purchase. The requested amount cannot be safely supported by the current financial position. Available payment plans do not provide a safe solution."
request_84,56565.0,not_affordable,not_recommended,none,,Consider reducing spending in dining.|Consider reducing spending in shopping.|Consider stopping non-essential spending in streaming.|Consider stopping non-essential spending in cloud_storage.,"The requested purchase of 95,400.00 INR exceeds the currently calculated safe spending capacity of 56,565.00 INR. Do not make the purchase yet. Consider reducing or stopping non-essential spending before reconsidering the purchase. The requested amount cannot be safely supported by the current financial position. Available payment plans do not provide a safe solution."
request_85,2422120.0,not_affordable,not_recommended,none,,Consider reducing spending in dining.|Consider reducing spending in entertainment.|Consider stopping non-essential spending in gym.|Consider stopping non-essential spending in music_subscription.|Consider stopping non-essential spending in delivery_membership.,"The requested purchase of 19,304,000.00 IDR exceeds the currently calculated safe spending capacity of 2,422,120.00 IDR. Do not make the purchase yet. Consider reducing or stopping non-essential spending before reconsidering the purchase. The requested amount cannot be safely supported by the current financial position. Available payment plans do not provide a safe solution."
request_86,46300.0,affordable_now,not_recommended,none,2025-08-03,none,"The requested purchase of 46,300.00 INR fits within the calculated safe spending amount of 46,300.00 INR. Proceed with the purchase while maintaining the required financial reserve. The requested purchase fits within the current available balance. The purchase preserves the required minimum financial reserve. The 90-day forecast remains above the user's safety floor."
request_87,92850.0,not_affordable,not_recommended,none,,Consider reducing spending in shopping.,"The requested purchase of 487,900.00 INR exceeds the currently calculated safe spending capacity of 92,850.00 INR. Do not make the purchase yet. Consider reducing or stopping non-essential spending before reconsidering the purchase. The requested amount cannot be safely supported by the current financial position. Available payment plans do not provide a safe solution."
request_88,15557.89,not_affordable,not_recommended,none,,Consider reducing spending in dining.|Consider stopping non-essential spending in music_subscription.,"The requested purchase of 26,092.00 ZAR exceeds the currently calculated safe spending capacity of 15,557.89 ZAR. Do not make the purchase yet. Consider reducing or stopping non-essential spending before reconsidering the purchase. The requested amount cannot be safely supported by the current financial position. Available payment plans do not provide a safe solution."
request_89,13756000.0,affordable_now,not_recommended,none,2025-11-04,none,"The requested purchase of 13,756,000.00 IDR fits within the calculated safe spending amount of 13,756,000.00 IDR. Proceed with the purchase while maintaining the required financial reserve. The requested purchase fits within the current available balance. The purchase preserves the required minimum financial reserve. The 90-day forecast remains above the user's safety floor."
request_90,2560.0,affordable_now,not_recommended,none,2026-07-06,none,"The requested purchase of 2,560.00 ZAR fits within the calculated safe spending amount of 2,560.00 ZAR. Proceed with the purchase while maintaining the required financial reserve. The requested purchase fits within the current available balance. The purchase preserves the required minimum financial reserve. The 90-day forecast remains above the user's safety floor."
request_91,1927.2,affordable_now,not_recommended,none,2024-09-03,none,"The requested purchase of 1,927.20 EUR fits within the calculated safe spending amount of 1,927.20 EUR. Proceed with the purchase while maintaining the required financial reserve. The requested purchase fits within the current available balance. The purchase preserves the required minimum financial reserve. The 90-day forecast remains above the user's safety floor."
request_92,34034.0,affordable_now,not_recommended,none,2025-02-05,none,"The requested purchase of 34,034.00 ZAR fits within the calculated safe spending amount of 34,034.00 ZAR. Proceed with the purchase while maintaining the required financial reserve. The requested purchase fits within the current available balance. The purchase preserves the required minimum financial reserve. The 90-day forecast remains above the user's safety floor."
request_93,1729.2,affordable_now,not_recommended,none,2026-04-07,none,"The requested purchase of 1,729.20 USD fits within the calculated safe spending amount of 1,729.20 USD. Proceed with the purchase while maintaining the required financial reserve. The requested purchase fits within the current available balance. The purchase preserves the required minimum financial reserve. The 90-day forecast remains above the user's safety floor."
request_94,572.0,affordable_now,not_recommended,none,2024-12-04,none,The requested purchase of 572.00 EUR fits within the calculated safe spending amount of 572.00 EUR. Proceed with the purchase while maintaining the required financial reserve. The requested purchase fits within the current available balance. The purchase preserves the required minimum financial reserve. The 90-day forecast remains above the user's safety floor.
request_95,137865.0,not_affordable,not_recommended,none,,Consider reducing spending in shopping.,"The requested purchase of 553,000.00 INR exceeds the currently calculated safe spending capacity of 137,865.00 INR. Do not make the purchase yet. Consider reducing or stopping non-essential spending before reconsidering the purchase. The requested amount cannot be safely supported by the current financial position. Available payment plans do not provide a safe solution."
request_96,90200.0,affordable_now,not_recommended,none,2026-01-03,none,"The requested purchase of 90,200.00 INR fits within the calculated safe spending amount of 90,200.00 INR. Proceed with the purchase while maintaining the required financial reserve. The requested purchase fits within the current available balance. The purchase preserves the required minimum financial reserve. The 90-day forecast remains above the user's safety floor."
request_97,23496.0,affordable_later,not_recommended,none,2024-03-15,none,"The requested purchase of 23,496.00 ZAR is safer after the financial position improves. The calculated earliest safe date is 2024-03-15. Wait until 2024-03-15 before making the purchase. The purchase is not safely affordable under the current cash position. Waiting until the identified future date provides a safer cash position."
request_98,17244.699999999997,not_affordable,not_recommended,none,,Consider reducing spending in streaming.|Consider reducing spending in entertainment.|Consider stopping non-essential spending in streaming.|Consider stopping non-essential spending in cloud_storage.,"The requested purchase of 27,148.00 ZAR exceeds the currently calculated safe spending capacity of 17,244.70 ZAR. Do not make the purchase yet. Consider reducing or stopping non-essential spending before reconsidering the purchase. The requested amount cannot be safely supported by the current financial position. Available payment plans do not provide a safe solution."
request_99,18062.0,affordable_now,not_recommended,none,2026-07-04,none,"The requested purchase of 18,062.00 ZAR fits within the calculated safe spending amount of 18,062.00 ZAR. Proceed with the purchase while maintaining the required financial reserve. The requested purchase fits within the current available balance. The purchase preserves the required minimum financial reserve. The 90-day forecast remains above the user's safety floor."
request_100,37114.0,affordable_later,not_recommended,none,2024-06-15,none,"The requested purchase of 37,114.00 ZAR is safer after the financial position improves. The calculated earliest safe date is 2024-06-15. Wait until 2024-06-15 before making the purchase. The purchase is not safely affordable under the current cash position. Waiting until the identified future date provides a safer cash position."
request_101,143500.0,affordable_now,not_recommended,none,2025-11-03,none,"The requested purchase of 143,500.00 INR fits within the calculated safe spending amount of 143,500.00 INR. Proceed with the purchase while maintaining the required financial reserve. The requested purchase fits within the current available balance. The purchase preserves the required minimum financial reserve. The 90-day forecast remains above the user's safety floor."
request_102,1716.0,affordable_now,not_recommended,none,2026-04-05,none,"The requested purchase of 1,716.00 EUR fits within the calculated safe spending amount of 1,716.00 EUR. Proceed with the purchase while maintaining the required financial reserve. The requested purchase fits within the current available balance. The purchase preserves the required minimum financial reserve. The 90-day forecast remains above the user's safety floor."
request_103,43249.0,not_affordable,not_recommended,none,,Consider reducing spending in dining.|Consider reducing spending in gym.|Consider reducing spending in entertainment.|Consider stopping non-essential spending in music_subscription.|Consider stopping non-essential spending in delivery_membership.,"The requested purchase of 368,300.00 INR exceeds the currently calculated safe spending capacity of 43,249.00 INR. Do not make the purchase yet. Consider reducing or stopping non-essential spending before reconsidering the purchase. The requested amount cannot be safely supported by the current financial position. Available payment plans do not provide a safe solution."
request_104,17204.0,affordable_now,not_recommended,none,2025-02-04,none,"The requested purchase of 17,204.00 ZAR fits within the calculated safe spending amount of 17,204.00 ZAR. Proceed with the purchase while maintaining the required financial reserve. The requested purchase fits within the current available balance. The purchase preserves the required minimum financial reserve. The 90-day forecast remains above the user's safety floor."
request_105,53500.0,affordable_now,not_recommended,none,2026-06-08,none,"The requested purchase of 53,500.00 INR fits within the calculated safe spending amount of 53,500.00 INR. Proceed with the purchase while maintaining the required financial reserve. The requested purchase fits within the current available balance. The purchase preserves the required minimum financial reserve. The 90-day forecast remains above the user's safety floor."
request_106,1401.6999999999998,not_affordable,not_recommended,none,,Consider reducing spending in dining.,"The requested purchase of 2,207.70 EUR exceeds the currently calculated safe spending capacity of 1,401.70 EUR. Do not make the purchase yet. Consider reducing or stopping non-essential spending before reconsidering the purchase. The requested amount cannot be safely supported by the current financial position. Available payment plans do not provide a safe solution."
request_107,2534.4,affordable_now,not_recommended,none,2025-05-05,none,"The requested purchase of 2,534.40 EUR fits within the calculated safe spending amount of 2,534.40 EUR. Proceed with the purchase while maintaining the required financial reserve. The requested purchase fits within the current available balance. The purchase preserves the required minimum financial reserve. The 90-day forecast remains above the user's safety floor."
request_108,7836.4000000000015,not_affordable,not_recommended,none,,Consider reducing spending in dining.|Consider reducing spending in streaming.,"The requested purchase of 55,308.00 ZAR exceeds the currently calculated safe spending capacity of 7,836.40 ZAR. Do not make the purchase yet. Consider reducing or stopping non-essential spending before reconsidering the purchase. The requested amount cannot be safely supported by the current financial position. Available payment plans do not provide a safe solution."
request_109,1863.4,affordable_later,not_recommended,none,2024-03-15,none,"The requested purchase of 1,863.40 EUR is safer after the financial position improves. The calculated earliest safe date is 2024-03-15. Wait until 2024-03-15 before making the purchase. The purchase is not safely affordable under the current cash position. Waiting until the identified future date provides a safer cash position."
request_110,22352.0,affordable_now,not_recommended,none,2025-08-06,none,"The requested purchase of 22,352.00 ZAR fits within the calculated safe spending amount of 22,352.00 ZAR. Proceed with the purchase while maintaining the required financial reserve. The requested purchase fits within the current available balance. The purchase preserves the required minimum financial reserve. The 90-day forecast remains above the user's safety floor."
request_111,16625000.0,affordable_now,not_recommended,none,2026-04-03,none,"The requested purchase of 16,625,000.00 IDR fits within the calculated safe spending amount of 16,625,000.00 IDR. Proceed with the purchase while maintaining the required financial reserve. The requested purchase fits within the current available balance. The purchase preserves the required minimum financial reserve. The 90-day forecast remains above the user's safety floor."
request_112,271.7,affordable_now,not_recommended,none,2024-06-05,none,The requested purchase of 271.70 EUR fits within the calculated safe spending amount of 271.70 EUR. Proceed with the purchase while maintaining the required financial reserve. The requested purchase fits within the current available balance. The purchase preserves the required minimum financial reserve. The 90-day forecast remains above the user's safety floor.
request_113,36500.0,affordable_now,not_recommended,none,2026-09-04,none,"The requested purchase of 36,500.00 INR fits within the calculated safe spending amount of 36,500.00 INR. Proceed with the purchase while maintaining the required financial reserve. The requested purchase fits within the current available balance. The purchase preserves the required minimum financial reserve. The 90-day forecast remains above the user's safety floor."
request_114,65300.0,affordable_now,not_recommended,none,2026-01-04,none,"The requested purchase of 65,300.00 INR fits within the calculated safe spending amount of 65,300.00 INR. Proceed with the purchase while maintaining the required financial reserve. The requested purchase fits within the current available balance. The purchase preserves the required minimum financial reserve. The 90-day forecast remains above the user's safety floor."
request_115,27135.0,not_affordable,not_recommended,none,,Consider reducing spending in dining.|Consider stopping non-essential spending in music_subscription.,"The requested purchase of 80,500.00 INR exceeds the currently calculated safe spending capacity of 27,135.00 INR. Do not make the purchase yet. Consider reducing or stopping non-essential spending before reconsidering the purchase. The requested amount cannot be safely supported by the current financial position. Available payment plans do not provide a safe solution."
request_116,58075.0,not_affordable,not_recommended,none,,Consider reducing spending in dining.|Consider stopping non-essential spending in delivery_membership.,"The requested purchase of 241,200.00 INR exceeds the currently calculated safe spending capacity of 58,075.00 INR. Do not make the purchase yet. Consider reducing or stopping non-essential spending before reconsidering the purchase. The requested amount cannot be safely supported by the current financial position. Available payment plans do not provide a safe solution."
request_117,880.0,affordable_now,not_recommended,none,2026-07-05,none,The requested purchase of 880.00 EUR fits within the calculated safe spending amount of 880.00 EUR. Proceed with the purchase while maintaining the required financial reserve. The requested purchase fits within the current available balance. The purchase preserves the required minimum financial reserve. The 90-day forecast remains above the user's safety floor.
request_118,738.1,affordable_now,not_recommended,none,2024-12-07,none,The requested purchase of 738.10 EUR fits within the calculated safe spending amount of 738.10 EUR. Proceed with the purchase while maintaining the required financial reserve. The requested purchase fits within the current available balance. The purchase preserves the required minimum financial reserve. The 90-day forecast remains above the user's safety floor.
request_119,130901.01000000001,not_affordable,not_recommended,none,,Consider reducing spending in dining.|Consider reducing spending in entertainment.,"The requested purchase of 203,500.00 INR exceeds the currently calculated safe spending capacity of 130,901.01 INR. Do not make the purchase yet. Consider reducing or stopping non-essential spending before reconsidering the purchase. The requested amount cannot be safely supported by the current financial position. Available payment plans do not provide a safe solution."
request_120,7714000.0,affordable_now,not_recommended,none,2026-04-06,none,"The requested purchase of 7,714,000.00 IDR fits within the calculated safe spending amount of 7,714,000.00 IDR. Proceed with the purchase while maintaining the required financial reserve. The requested purchase fits within the current available balance. The purchase preserves the required minimum financial reserve. The 90-day forecast remains above the user's safety floor."
request_121,633.6,affordable_now,not_recommended,none,2024-03-03,none,The requested purchase of 633.60 USD fits within the calculated safe spending amount of 633.60 USD. Proceed with the purchase while maintaining the required financial reserve. The requested purchase fits within the current available balance. The purchase preserves the required minimum financial reserve. The 90-day forecast remains above the user's safety floor.
request_122,20558000.0,affordable_now,not_recommended,none,2025-08-05,none,"The requested purchase of 20,558,000.00 IDR fits within the calculated safe spending amount of 20,558,000.00 IDR. Proceed with the purchase while maintaining the required financial reserve. The requested purchase fits within the current available balance. The purchase preserves the required minimum financial reserve. The 90-day forecast remains above the user's safety floor."
request_123,4076000.0,affordable_now,not_recommended,none,2026-01-07,none,"The requested purchase of 4,076,000.00 IDR fits within the calculated safe spending amount of 4,076,000.00 IDR. Proceed with the purchase while maintaining the required financial reserve. The requested purchase fits within the current available balance. The purchase preserves the required minimum financial reserve. The 90-day forecast remains above the user's safety floor."
request_124,3104.2,affordable_later,not_recommended,none,2024-06-15,none,"The requested purchase of 3,104.20 EUR is safer after the financial position improves. The calculated earliest safe date is 2024-06-15. Wait until 2024-06-15 before making the purchase. The purchase is not safely affordable under the current cash position. Waiting until the identified future date provides a safer cash position."
request_125,6468.0,affordable_now,not_recommended,none,2025-11-06,none,"The requested purchase of 6,468.00 ZAR fits within the calculated safe spending amount of 6,468.00 ZAR. Proceed with the purchase while maintaining the required financial reserve. The requested purchase fits within the current available balance. The purchase preserves the required minimum financial reserve. The 90-day forecast remains above the user's safety floor."
request_126,159600.0,affordable_now,not_recommended,none,2026-07-03,none,"The requested purchase of 159,600.00 INR fits within the calculated safe spending amount of 159,600.00 INR. Proceed with the purchase while maintaining the required financial reserve. The requested purchase fits within the current available balance. The purchase preserves the required minimum financial reserve. The 90-day forecast remains above the user's safety floor."
request_127,23980.0,affordable_now,not_recommended,none,2024-09-05,none,"The requested purchase of 23,980.00 ZAR fits within the calculated safe spending amount of 23,980.00 ZAR. Proceed with the purchase while maintaining the required financial reserve. The requested purchase fits within the current available balance. The purchase preserves the required minimum financial reserve. The 90-day forecast remains above the user's safety floor."
request_128,25168.0,affordable_now,not_recommended,none,2025-02-07,none,"The requested purchase of 25,168.00 ZAR fits within the calculated safe spending amount of 25,168.00 ZAR. Proceed with the purchase while maintaining the required financial reserve. The requested purchase fits within the current available balance. The purchase preserves the required minimum financial reserve. The 90-day forecast remains above the user's safety floor."
request_129,288.0,not_affordable,not_recommended,none,,Consider stopping non-essential spending in streaming.|Consider stopping non-essential spending in cloud_storage.,"The requested purchase of 2,668.80 USD exceeds the currently calculated safe spending capacity of 288.00 USD. Do not make the purchase yet. Consider reducing or stopping non-essential spending before reconsidering the purchase. The requested amount cannot be safely supported by the current financial position. Available payment plans do not provide a safe solution."
request_130,917.46,not_affordable,not_recommended,none,,Consider reducing spending in dining.|Consider stopping non-essential spending in music_subscription.|Consider stopping non-essential spending in delivery_membership.,"The requested purchase of 1,978.80 USD exceeds the currently calculated safe spending capacity of 917.46 USD. Do not make the purchase yet. Consider reducing or stopping non-essential spending before reconsidering the purchase. The requested amount cannot be safely supported by the current financial position. Available payment plans do not provide a safe solution."
request_131,1855.2,affordable_now,not_recommended,none,2025-05-03,none,"The requested purchase of 1,855.20 USD fits within the calculated safe spending amount of 1,855.20 USD. Proceed with the purchase while maintaining the required financial reserve. The requested purchase fits within the current available balance. The purchase preserves the required minimum financial reserve. The 90-day forecast remains above the user's safety floor."
request_132,379.86,affordable_now,not_recommended,none,2026-01-05,none,The requested purchase of 379.86 USD fits within the calculated safe spending amount of 379.86 USD. Proceed with the purchase while maintaining the required financial reserve. The requested purchase fits within the current available balance. The purchase preserves the required minimum financial reserve. The 90-day forecast remains above the user's safety floor.
request_133,15770000.0,affordable_now,not_recommended,none,2024-03-07,none,"The requested purchase of 15,770,000.00 IDR fits within the calculated safe spending amount of 15,770,000.00 IDR. Proceed with the purchase while maintaining the required financial reserve. The requested purchase fits within the current available balance. The purchase preserves the required minimum financial reserve. The 90-day forecast remains above the user's safety floor."
request_134,21831000.0,affordable_later,not_recommended,none,2025-08-15,none,"The requested purchase of 21,831,000.00 IDR is safer after the financial position improves. The calculated earliest safe date is 2025-08-15. Wait until 2025-08-15 before making the purchase. The purchase is not safely affordable under the current cash position. Waiting until the identified future date provides a safer cash position."
request_135,304.8,affordable_now,not_recommended,none,2026-07-06,none,The requested purchase of 304.80 USD fits within the calculated safe spending amount of 304.80 USD. Proceed with the purchase while maintaining the required financial reserve. The requested purchase fits within the current available balance. The purchase preserves the required minimum financial reserve. The 90-day forecast remains above the user's safety floor.
request_136,560.4,affordable_now,not_recommended,none,2024-06-03,none,The requested purchase of 560.40 USD fits within the calculated safe spending amount of 560.40 USD. Proceed with the purchase while maintaining the required financial reserve. The requested purchase fits within the current available balance. The purchase preserves the required minimum financial reserve. The 90-day forecast remains above the user's safety floor.
request_137,67960.0,not_affordable,not_recommended,none,,Consider reducing spending in shopping.|Consider stopping non-essential spending in streaming.,"The requested purchase of 80,100.00 INR exceeds the currently calculated safe spending capacity of 67,960.00 INR. Do not make the purchase yet. Consider reducing or stopping non-essential spending before reconsidering the purchase. The requested amount cannot be safely supported by the current financial position. Available payment plans do not provide a safe solution."
request_138,1256.94,affordable_now,not_recommended,none,2026-04-07,none,"The requested purchase of 1,256.94 EUR fits within the calculated safe spending amount of 1,256.94 EUR. Proceed with the purchase while maintaining the required financial reserve. The requested purchase fits within the current available balance. The purchase preserves the required minimum financial reserve. The 90-day forecast remains above the user's safety floor."
request_139,2316.0,affordable_later,not_recommended,none,2024-09-15,none,"The requested purchase of 2,316.00 USD is safer after the financial position improves. The calculated earliest safe date is 2024-09-15. Wait until 2024-09-15 before making the purchase. The purchase is not safely affordable under the current cash position. Waiting until the identified future date provides a safer cash position."
request_140,13079.0,not_affordable,not_recommended,none,,Consider reducing spending in dining.,"The requested purchase of 62,832.00 ZAR exceeds the currently calculated safe spending capacity of 13,079.00 ZAR. Do not make the purchase yet. Consider reducing or stopping non-essential spending before reconsidering the purchase. The requested amount cannot be safely supported by the current financial position. Available payment plans do not provide a safe solution."
request_141,55245.0,not_affordable,not_recommended,none,,Consider stopping non-essential spending in streaming.|Consider stopping non-essential spending in cloud_storage.,"The requested purchase of 171,600.00 INR exceeds the currently calculated safe spending capacity of 55,245.00 INR. Do not make the purchase yet. Consider reducing or stopping non-essential spending before reconsidering the purchase. The requested amount cannot be safely supported by the current financial position. Available payment plans do not provide a safe solution."
request_142,1263.6,affordable_now,not_recommended,none,2024-12-05,none,"The requested purchase of 1,263.60 USD fits within the calculated safe spending amount of 1,263.60 USD. Proceed with the purchase while maintaining the required financial reserve. The requested purchase fits within the current available balance. The purchase preserves the required minimum financial reserve. The 90-day forecast remains above the user's safety floor."
request_143,8811.0,not_affordable,not_recommended,none,,Consider reducing spending in dining.|Consider stopping non-essential spending in music_subscription.,"The requested purchase of 12,584.00 ZAR exceeds the currently calculated safe spending capacity of 8,811.00 ZAR. Do not make the purchase yet. Consider reducing or stopping non-essential spending before reconsidering the purchase. The requested amount cannot be safely supported by the current financial position. Available payment plans do not provide a safe solution."
request_144,233.34,affordable_now,not_recommended,none,2026-07-04,none,The requested purchase of 233.34 USD fits within the calculated safe spending amount of 233.34 USD. Proceed with the purchase while maintaining the required financial reserve. The requested purchase fits within the current available balance. The purchase preserves the required minimum financial reserve. The 90-day forecast remains above the user's safety floor.
request_145,105613.66,not_affordable,not_recommended,none,,Consider reducing spending in dining.|Consider reducing spending in streaming.|Consider stopping non-essential spending in cloud_storage.,"The requested purchase of 217,400.00 INR exceeds the currently calculated safe spending capacity of 105,613.66 INR. Do not make the purchase yet. Consider reducing or stopping non-essential spending before reconsidering the purchase. The requested amount cannot be safely supported by the current financial position. Available payment plans do not provide a safe solution."
request_146,81465.0,not_affordable,not_recommended,none,,Consider stopping non-essential spending in cloud_storage.,"The requested purchase of 449,400.00 INR exceeds the currently calculated safe spending capacity of 81,465.00 INR. Do not make the purchase yet. Consider reducing or stopping non-essential spending before reconsidering the purchase. The requested amount cannot be safely supported by the current financial position. Available payment plans do not provide a safe solution."
request_147,741.53,not_affordable,not_recommended,none,,Consider reducing spending in dining.|Consider reducing spending in shopping.|Consider stopping non-essential spending in streaming.|Consider stopping non-essential spending in cloud_storage.,"The requested purchase of 1,129.70 EUR exceeds the currently calculated safe spending capacity of 741.53 EUR. Do not make the purchase yet. Consider reducing or stopping non-essential spending before reconsidering the purchase. The requested amount cannot be safely supported by the current financial position. Available payment plans do not provide a safe solution."
request_148,13181.080000000002,not_affordable,not_recommended,none,,Consider reducing spending in dining.|Consider reducing spending in entertainment.|Consider stopping non-essential spending in gym.|Consider stopping non-essential spending in music_subscription.|Consider stopping non-essential spending in delivery_membership.,"The requested purchase of 22,242.00 ZAR exceeds the currently calculated safe spending capacity of 13,181.08 ZAR. Do not make the purchase yet. Consider reducing or stopping non-essential spending before reconsidering the purchase. The requested amount cannot be safely supported by the current financial position. Available payment plans do not provide a safe solution."
request_149,36652.0,affordable_now,not_recommended,none,2025-11-04,none,"The requested purchase of 36,652.00 ZAR fits within the calculated safe spending amount of 36,652.00 ZAR. Proceed with the purchase while maintaining the required financial reserve. The requested purchase fits within the current available balance. The purchase preserves the required minimum financial reserve. The 90-day forecast remains above the user's safety floor."
request_150,496.1,affordable_now,not_recommended,none,2026-01-06,none,The requested purchase of 496.10 EUR fits within the calculated safe spending amount of 496.10 EUR. Proceed with the purchase while maintaining the required financial reserve. The requested purchase fits within the current available balance. The purchase preserves the required minimum financial reserve. The 90-day forecast remains above the user's safety floor.
request_151,26999000.0,affordable_now,not_recommended,none,2024-09-03,none,"The requested purchase of 26,999,000.00 IDR fits within the calculated safe spending amount of 26,999,000.00 IDR. Proceed with the purchase while maintaining the required financial reserve. The requested purchase fits within the current available balance. The purchase preserves the required minimum financial reserve. The 90-day forecast remains above the user's safety floor."
request_152,13882.0,affordable_now,not_recommended,none,2025-02-05,none,"The requested purchase of 13,882.00 ZAR fits within the calculated safe spending amount of 13,882.00 ZAR. Proceed with the purchase while maintaining the required financial reserve. The requested purchase fits within the current available balance. The purchase preserves the required minimum financial reserve. The 90-day forecast remains above the user's safety floor."
request_153,503.5999999999999,not_affordable,not_recommended,none,,Consider reducing spending in streaming.|Consider stopping non-essential spending in streaming.|Consider stopping non-essential spending in cloud_storage.,"The requested purchase of 2,830.80 USD exceeds the currently calculated safe spending capacity of 503.60 USD. Do not make the purchase yet. Consider reducing or stopping non-essential spending before reconsidering the purchase. The requested amount cannot be safely supported by the current financial position. Available payment plans do not provide a safe solution."
request_154,1625.8,affordable_now,not_recommended,none,2024-12-04,none,"The requested purchase of 1,625.80 EUR fits within the calculated safe spending amount of 1,625.80 EUR. Proceed with the purchase while maintaining the required financial reserve. The requested purchase fits within the current available balance. The purchase preserves the required minimum financial reserve. The 90-day forecast remains above the user's safety floor."
request_155,112500.0,affordable_now,not_recommended,none,2025-05-06,none,"The requested purchase of 112,500.00 INR fits within the calculated safe spending amount of 112,500.00 INR. Proceed with the purchase while maintaining the required financial reserve. The requested purchase fits within the current available balance. The purchase preserves the required minimum financial reserve. The 90-day forecast remains above the user's safety floor."
request_156,15205.300000000003,not_affordable,not_recommended,none,,Consider reducing spending in dining.|Consider reducing spending in streaming.|Consider reducing spending in shopping.,"The requested purchase of 43,076.00 ZAR exceeds the currently calculated safe spending capacity of 15,205.30 ZAR. Do not make the purchase yet. Consider reducing or stopping non-essential spending before reconsidering the purchase. The requested amount cannot be safely supported by the current financial position. Available payment plans do not provide a safe solution."
request_157,10091850.0,not_affordable,not_recommended,none,,Consider reducing spending in gym.|Consider reducing spending in entertainment.,"The requested purchase of 23,503,000.00 IDR exceeds the currently calculated safe spending capacity of 10,091,850.00 IDR. Do not make the purchase yet. Consider reducing or stopping non-essential spending before reconsidering the purchase. The requested amount cannot be safely supported by the current financial position. Available payment plans do not provide a safe solution."
request_158,242600.0,affordable_now,not_recommended,none,2025-08-07,none,"The requested purchase of 242,600.00 INR fits within the calculated safe spending amount of 242,600.00 INR. Proceed with the purchase while maintaining the required financial reserve. The requested purchase fits within the current available balance. The purchase preserves the required minimum financial reserve. The 90-day forecast remains above the user's safety floor."
request_159,13398.0,affordable_now,not_recommended,none,2026-01-04,none,"The requested purchase of 13,398.00 ZAR fits within the calculated safe spending amount of 13,398.00 ZAR. Proceed with the purchase while maintaining the required financial reserve. The requested purchase fits within the current available balance. The purchase preserves the required minimum financial reserve. The 90-day forecast remains above the user's safety floor."
request_160,944.6100000000001,not_affordable,not_recommended,none,,Consider reducing spending in dining.,"The requested purchase of 1,246.30 EUR exceeds the currently calculated safe spending capacity of 944.61 EUR. Do not make the purchase yet. Consider reducing or stopping non-essential spending before reconsidering the purchase. The requested amount cannot be safely supported by the current financial position. Available payment plans do not provide a safe solution."
request_161,18297950.0,not_affordable,not_recommended,none,,Consider reducing spending in dining.|Consider stopping non-essential spending in music_subscription.|Consider stopping non-essential spending in delivery_membership.,"The requested purchase of 21,204,000.00 IDR exceeds the currently calculated safe spending capacity of 18,297,950.00 IDR. Do not make the purchase yet. Consider reducing or stopping non-essential spending before reconsidering the purchase. The requested amount cannot be safely supported by the current financial position. Available payment plans do not provide a safe solution."
request_162,10446200.0,not_affordable,not_recommended,none,,Consider reducing spending in dining.|Consider reducing spending in streaming.|Consider stopping non-essential spending in streaming.,"The requested purchase of 83,923,000.00 IDR exceeds the currently calculated safe spending capacity of 10,446,200.00 IDR. Do not make the purchase yet. Consider reducing or stopping non-essential spending before reconsidering the purchase. The requested amount cannot be safely supported by the current financial position. Available payment plans do not provide a safe solution."
request_163,19304000.0,affordable_now,not_recommended,none,2024-09-07,none,"The requested purchase of 19,304,000.00 IDR fits within the calculated safe spending amount of 19,304,000.00 IDR. Proceed with the purchase while maintaining the required financial reserve. The requested purchase fits within the current available balance. The purchase preserves the required minimum financial reserve. The 90-day forecast remains above the user's safety floor."
request_164,27018000.0,affordable_now,not_recommended,none,2025-02-04,none,"The requested purchase of 27,018,000.00 IDR fits within the calculated safe spending amount of 27,018,000.00 IDR. Proceed with the purchase while maintaining the required financial reserve. The requested purchase fits within the current available balance. The purchase preserves the required minimum financial reserve. The 90-day forecast remains above the user's safety floor."
request_165,80600.0,affordable_now,not_recommended,none,2026-04-06,none,"The requested purchase of 80,600.00 INR fits within the calculated safe spending amount of 80,600.00 INR. Proceed with the purchase while maintaining the required financial reserve. The requested purchase fits within the current available balance. The purchase preserves the required minimum financial reserve. The 90-day forecast remains above the user's safety floor."
request_166,2907.6,affordable_now,not_recommended,none,2024-12-03,none,"The requested purchase of 2,907.60 USD fits within the calculated safe spending amount of 2,907.60 USD. Proceed with the purchase while maintaining the required financial reserve. The requested purchase fits within the current available balance. The purchase preserves the required minimum financial reserve. The 90-day forecast remains above the user's safety floor."
request_167,43802.0,affordable_now,not_recommended,none,2025-05-05,none,"The requested purchase of 43,802.00 ZAR fits within the calculated safe spending amount of 43,802.00 ZAR. Proceed with the purchase while maintaining the required financial reserve. The requested purchase fits within the current available balance. The purchase preserves the required minimum financial reserve. The 90-day forecast remains above the user's safety floor."
request_168,49380.0,affordable_now,not_recommended,none,2026-01-07,none,"The requested purchase of 49,380.00 INR fits within the calculated safe spending amount of 49,380.00 INR. Proceed with the purchase while maintaining the required financial reserve. The requested purchase fits within the current available balance. The purchase preserves the required minimum financial reserve. The 90-day forecast remains above the user's safety floor."
request_169,41976.0,affordable_now,not_recommended,none,2024-03-04,none,"The requested purchase of 41,976.00 ZAR fits within the calculated safe spending amount of 41,976.00 ZAR. Proceed with the purchase while maintaining the required financial reserve. The requested purchase fits within the current available balance. The purchase preserves the required minimum financial reserve. The 90-day forecast remains above the user's safety floor."
request_170,36936000.0,affordable_now,not_recommended,none,2025-08-06,none,"The requested purchase of 36,936,000.00 IDR fits within the calculated safe spending amount of 36,936,000.00 IDR. Proceed with the purchase while maintaining the required financial reserve. The requested purchase fits within the current available balance. The purchase preserves the required minimum financial reserve. The 90-day forecast remains above the user's safety floor."
request_171,310.65,not_affordable,not_recommended,none,,Consider reducing spending in dining.|Consider stopping non-essential spending in streaming.,"The requested purchase of 1,878.80 EUR exceeds the currently calculated safe spending capacity of 310.65 EUR. Do not make the purchase yet. Consider reducing or stopping non-essential spending before reconsidering the purchase. The requested amount cannot be safely supported by the current financial position. Available payment plans do not provide a safe solution."
request_172,10200.0,affordable_now,not_recommended,none,2024-06-05,none,"The requested purchase of 10,200.00 ZAR fits within the calculated safe spending amount of 10,200.00 ZAR. Proceed with the purchase while maintaining the required financial reserve. The requested purchase fits within the current available balance. The purchase preserves the required minimum financial reserve. The 90-day forecast remains above the user's safety floor."
request_173,83190.53,not_affordable,not_recommended,none,,Consider reducing spending in dining.|Consider reducing spending in shopping.,"The requested purchase of 113,000.00 INR exceeds the currently calculated safe spending capacity of 83,190.53 INR. Do not make the purchase yet. Consider reducing or stopping non-essential spending before reconsidering the purchase. The requested amount cannot be safely supported by the current financial position. Available payment plans do not provide a safe solution."
request_174,1146.2,affordable_now,not_recommended,none,2026-04-04,none,"The requested purchase of 1,146.20 EUR fits within the calculated safe spending amount of 1,146.20 EUR. Proceed with the purchase while maintaining the required financial reserve. The requested purchase fits within the current available balance. The purchase preserves the required minimum financial reserve. The 90-day forecast remains above the user's safety floor."
request_175,2346.3,affordable_now,not_recommended,none,2024-09-06,none,"The requested purchase of 2,346.30 EUR fits within the calculated safe spending amount of 2,346.30 EUR. Proceed with the purchase while maintaining the required financial reserve. The requested purchase fits within the current available balance. The purchase preserves the required minimum financial reserve. The 90-day forecast remains above the user's safety floor."
request_176,686.95,not_affordable,not_recommended,none,,Consider reducing spending in shopping.,"The requested purchase of 1,239.70 EUR exceeds the currently calculated safe spending capacity of 686.95 EUR. Do not make the purchase yet. Consider reducing or stopping non-essential spending before reconsidering the purchase. The requested amount cannot be safely supported by the current financial position. Available payment plans do not provide a safe solution."
request_177,1017.6,affordable_now,not_recommended,none,2026-01-05,none,"The requested purchase of 1,017.60 USD fits within the calculated safe spending amount of 1,017.60 USD. Proceed with the purchase while maintaining the required financial reserve. The requested purchase fits within the current available balance. The purchase preserves the required minimum financial reserve. The 90-day forecast remains above the user's safety floor."
request_178,2938.1,affordable_now,not_recommended,none,2024-12-07,none,"The requested purchase of 2,938.10 EUR fits within the calculated safe spending amount of 2,938.10 EUR. Proceed with the purchase while maintaining the required financial reserve. The requested purchase fits within the current available balance. The purchase preserves the required minimum financial reserve. The 90-day forecast remains above the user's safety floor."
request_179,37957250.0,not_affordable,not_recommended,none,,Consider reducing spending in dining.,"The requested purchase of 41,648,000.00 IDR exceeds the currently calculated safe spending capacity of 37,957,250.00 IDR. Do not make the purchase yet. Consider reducing or stopping non-essential spending before reconsidering the purchase. The requested amount cannot be safely supported by the current financial position. Available payment plans do not provide a safe solution."
request_180,66500.0,affordable_now,not_recommended,none,2026-07-06,none,"The requested purchase of 66,500.00 INR fits within the calculated safe spending amount of 66,500.00 INR. Proceed with the purchase while maintaining the required financial reserve. The requested purchase fits within the current available balance. The purchase preserves the required minimum financial reserve. The 90-day forecast remains above the user's safety floor."
request_181,1233.0,not_affordable,not_recommended,none,,Consider reducing spending in streaming.|Consider stopping non-essential spending in streaming.|Consider stopping non-essential spending in cloud_storage.,"The requested purchase of 5,059.20 USD exceeds the currently calculated safe spending capacity of 1,233.00 USD. Do not make the purchase yet. Consider reducing or stopping non-essential spending before reconsidering the purchase. The requested amount cannot be safely supported by the current financial position. Available payment plans do not provide a safe solution."
request_182,65714.0,affordable_now,not_recommended,none,2025-08-05,none,"The requested purchase of 65,714.00 ZAR fits within the calculated safe spending amount of 65,714.00 ZAR. Proceed with the purchase while maintaining the required financial reserve. The requested purchase fits within the current available balance. The purchase preserves the required minimum financial reserve. The 90-day forecast remains above the user's safety floor."
request_183,26866000.0,affordable_now,not_recommended,none,2026-04-07,none,"The requested purchase of 26,866,000.00 IDR fits within the calculated safe spending amount of 26,866,000.00 IDR. Proceed with the purchase while maintaining the required financial reserve. The requested purchase fits within the current available balance. The purchase preserves the required minimum financial reserve. The 90-day forecast remains above the user's safety floor."
request_184,47540.0,not_affordable,not_recommended,none,,Consider stopping non-essential spending in streaming.|Consider stopping non-essential spending in cloud_storage.,"The requested purchase of 251,900.00 INR exceeds the currently calculated safe spending capacity of 47,540.00 INR. Do not make the purchase yet. Consider reducing or stopping non-essential spending before reconsidering the purchase. The requested amount cannot be safely supported by the current financial position. Available payment plans do not provide a safe solution."
request_185,783.4000000000001,not_affordable,not_recommended,none,,Consider reducing spending in dining.|Consider stopping non-essential spending in streaming.|Consider stopping non-essential spending in cloud_storage.,"The requested purchase of 1,257.30 EUR exceeds the currently calculated safe spending capacity of 783.40 EUR. Do not make the purchase yet. Consider reducing or stopping non-essential spending before reconsidering the purchase. The requested amount cannot be safely supported by the current financial position. Available payment plans do not provide a safe solution."
request_186,22863.5,not_affordable,not_recommended,none,,Consider reducing spending in dining.|Consider reducing spending in shopping.|Consider stopping non-essential spending in streaming.|Consider stopping non-essential spending in cloud_storage.,"The requested purchase of 26,554.00 ZAR exceeds the currently calculated safe spending capacity of 22,863.50 ZAR. Do not make the purchase yet. Consider reducing or stopping non-essential spending before reconsidering the purchase. The requested amount cannot be safely supported by the current financial position. Available payment plans do not provide a safe solution."
request_187,67435.0,not_affordable,not_recommended,none,,Consider reducing spending in dining.|Consider stopping non-essential spending in music_subscription.,"The requested purchase of 187,500.00 INR exceeds the currently calculated safe spending capacity of 67,435.00 INR. Do not make the purchase yet. Consider reducing or stopping non-essential spending before reconsidering the purchase. The requested amount cannot be safely supported by the current financial position. Available payment plans do not provide a safe solution."
request_188,585.3,not_affordable,not_recommended,none,,Consider reducing spending in dining.|Consider stopping non-essential spending in music_subscription.|Consider stopping non-essential spending in delivery_membership.,"The requested purchase of 2,464.00 EUR exceeds the currently calculated safe spending capacity of 585.30 EUR. Do not make the purchase yet. Consider reducing or stopping non-essential spending before reconsidering the purchase. The requested amount cannot be safely supported by the current financial position. Available payment plans do not provide a safe solution."
request_189,488.4,affordable_now,not_recommended,none,2026-07-04,none,The requested purchase of 488.40 EUR fits within the calculated safe spending amount of 488.40 EUR. Proceed with the purchase while maintaining the required financial reserve. The requested purchase fits within the current available balance. The purchase preserves the required minimum financial reserve. The 90-day forecast remains above the user's safety floor.
request_190,2557.5,affordable_later,not_recommended,none,2024-12-15,none,"The requested purchase of 2,557.50 EUR is safer after the financial position improves. The calculated earliest safe date is 2024-12-15. Wait until 2024-12-15 before making the purchase. The purchase is not safely affordable under the current cash position. Waiting until the identified future date provides a safer cash position."
request_191,664.4,affordable_now,not_recommended,none,2025-05-03,none,The requested purchase of 664.40 EUR fits within the calculated safe spending amount of 664.40 EUR. Proceed with the purchase while maintaining the required financial reserve. The requested purchase fits within the current available balance. The purchase preserves the required minimum financial reserve. The 90-day forecast remains above the user's safety floor.
request_192,384.79999999999995,not_affordable,not_recommended,none,,Consider reducing spending in dining.|Consider reducing spending in streaming.|Consider stopping non-essential spending in streaming.|Consider stopping non-essential spending in cloud_storage.,"The requested purchase of 2,046.00 USD exceeds the currently calculated safe spending capacity of 384.80 USD. Do not make the purchase yet. Consider reducing or stopping non-essential spending before reconsidering the purchase. The requested amount cannot be safely supported by the current financial position. Available payment plans do not provide a safe solution."
request_193,310.6199999999999,not_affordable,not_recommended,none,,Consider reducing spending in dining.|Consider stopping non-essential spending in music_subscription.|Consider stopping non-essential spending in delivery_membership.,"The requested purchase of 1,212.20 EUR exceeds the currently calculated safe spending capacity of 310.62 EUR. Do not make the purchase yet. Consider reducing or stopping non-essential spending before reconsidering the purchase. The requested amount cannot be safely supported by the current financial position. Available payment plans do not provide a safe solution."
request_194,95030.0,not_affordable,not_recommended,none,,Consider reducing spending in shopping.|Consider stopping non-essential spending in cloud_storage.,"The requested purchase of 132,800.00 INR exceeds the currently calculated safe spending capacity of 95,030.00 INR. Do not make the purchase yet. Consider reducing or stopping non-essential spending before reconsidering the purchase. The requested amount cannot be safely supported by the current financial position. Available payment plans do not provide a safe solution."
request_195,1170.4,affordable_now,not_recommended,none,2026-01-06,none,"The requested purchase of 1,170.40 EUR fits within the calculated safe spending amount of 1,170.40 EUR. Proceed with the purchase while maintaining the required financial reserve. The requested purchase fits within the current available balance. The purchase preserves the required minimum financial reserve. The 90-day forecast remains above the user's safety floor."
request_196,762.3,affordable_now,not_recommended,none,2024-06-03,none,The requested purchase of 762.30 EUR fits within the calculated safe spending amount of 762.30 EUR. Proceed with the purchase while maintaining the required financial reserve. The requested purchase fits within the current available balance. The purchase preserves the required minimum financial reserve. The 90-day forecast remains above the user's safety floor.
request_197,50939000.0,affordable_now,not_recommended,none,2025-11-05,none,"The requested purchase of 50,939,000.00 IDR fits within the calculated safe spending amount of 50,939,000.00 IDR. Proceed with the purchase while maintaining the required financial reserve. The requested purchase fits within the current available balance. The purchase preserves the required minimum financial reserve. The 90-day forecast remains above the user's safety floor."
request_198,185800.0,affordable_now,not_recommended,none,2026-07-07,none,"The requested purchase of 185,800.00 INR fits within the calculated safe spending amount of 185,800.00 INR. Proceed with the purchase while maintaining the required financial reserve. The requested purchase fits within the current available balance. The purchase preserves the required minimum financial reserve. The 90-day forecast remains above the user's safety floor."
request_199,23674000.0,affordable_now,not_recommended,none,2024-09-04,none,"The requested purchase of 23,674,000.00 IDR fits within the calculated safe spending amount of 23,674,000.00 IDR. Proceed with the purchase while maintaining the required financial reserve. The requested purchase fits within the current available balance. The purchase preserves the required minimum financial reserve. The 90-day forecast remains above the user's safety floor."
request_200,21717000.0,affordable_now,not_recommended,none,2025-02-06,none,"The requested purchase of 21,717,000.00 IDR fits within the calculated safe spending amount of 21,717,000.00 IDR. Proceed with the purchase while maintaining the required financial reserve. The requested purchase fits within the current available balance. The purchase preserves the required minimum financial reserve. The 90-day forecast remains above the user's safety floor."
request_201,23997000.0,affordable_now,not_recommended,none,2026-04-03,none,"The requested purchase of 23,997,000.00 IDR fits within the calculated safe spending amount of 23,997,000.00 IDR. Proceed with the purchase while maintaining the required financial reserve. The requested purchase fits within the current available balance. The purchase preserves the required minimum financial reserve. The 90-day forecast remains above the user's safety floor."
request_202,123900.0,affordable_now,not_recommended,none,2024-12-05,none,"The requested purchase of 123,900.00 INR fits within the calculated safe spending amount of 123,900.00 INR. Proceed with the purchase while maintaining the required financial reserve. The requested purchase fits within the current available balance. The purchase preserves the required minimum financial reserve. The 90-day forecast remains above the user's safety floor."
request_203,1442.1,affordable_now,not_recommended,none,2025-05-07,none,"The requested purchase of 1,442.10 EUR fits within the calculated safe spending amount of 1,442.10 EUR. Proceed with the purchase while maintaining the required financial reserve. The requested purchase fits within the current available balance. The purchase preserves the required minimum financial reserve. The 90-day forecast remains above the user's safety floor."
request_204,588.74,affordable_now,not_recommended,none,2026-01-04,none,The requested purchase of 588.74 EUR fits within the calculated safe spending amount of 588.74 EUR. Proceed with the purchase while maintaining the required financial reserve. The requested purchase fits within the current available balance. The purchase preserves the required minimum financial reserve. The 90-day forecast remains above the user's safety floor.
request_205,10621000.0,affordable_now,not_recommended,none,2024-03-06,none,"The requested purchase of 10,621,000.00 IDR fits within the calculated safe spending amount of 10,621,000.00 IDR. Proceed with the purchase while maintaining the required financial reserve. The requested purchase fits within the current available balance. The purchase preserves the required minimum financial reserve. The 90-day forecast remains above the user's safety floor."
request_206,1404.7,affordable_now,not_recommended,none,2025-08-03,none,"The requested purchase of 1,404.70 EUR fits within the calculated safe spending amount of 1,404.70 EUR. Proceed with the purchase while maintaining the required financial reserve. The requested purchase fits within the current available balance. The purchase preserves the required minimum financial reserve. The 90-day forecast remains above the user's safety floor."
request_207,11830.0,affordable_now,not_recommended,none,2026-07-05,none,"The requested purchase of 11,830.00 ZAR fits within the calculated safe spending amount of 11,830.00 ZAR. Proceed with the purchase while maintaining the required financial reserve. The requested purchase fits within the current available balance. The purchase preserves the required minimum financial reserve. The 90-day forecast remains above the user's safety floor."
request_208,4413000.0,affordable_now,not_recommended,none,2024-06-07,none,"The requested purchase of 4,413,000.00 IDR fits within the calculated safe spending amount of 4,413,000.00 IDR. Proceed with the purchase while maintaining the required financial reserve. The requested purchase fits within the current available balance. The purchase preserves the required minimum financial reserve. The 90-day forecast remains above the user's safety floor."
request_209,8625.099999999999,not_affordable,not_recommended,none,,Consider reducing spending in dining.|Consider reducing spending in entertainment.|Consider stopping non-essential spending in cloud_storage.,"The requested purchase of 56,914.00 ZAR exceeds the currently calculated safe spending capacity of 8,625.10 ZAR. Do not make the purchase yet. Consider reducing or stopping non-essential spending before reconsidering the purchase. The requested amount cannot be safely supported by the current financial position. Available payment plans do not provide a safe solution."
request_210,1360.02,affordable_now,not_recommended,none,2026-04-06,none,"The requested purchase of 1,360.02 USD fits within the calculated safe spending amount of 1,360.02 USD. Proceed with the purchase while maintaining the required financial reserve. The requested purchase fits within the current available balance. The purchase preserves the required minimum financial reserve. The 90-day forecast remains above the user's safety floor."
request_211,1788.6,affordable_later,not_recommended,none,2024-09-15,none,"The requested purchase of 1,788.60 EUR is safer after the financial position improves. The calculated earliest safe date is 2024-09-15. Wait until 2024-09-15 before making the purchase. The purchase is not safely affordable under the current cash position. Waiting until the identified future date provides a safer cash position."
request_212,22344000.0,not_affordable,not_recommended,none,,Consider reducing spending in shopping.|Consider stopping non-essential spending in cloud_storage.,"The requested purchase of 71,934,000.00 IDR exceeds the currently calculated safe spending capacity of 22,344,000.00 IDR. Do not make the purchase yet. Consider reducing or stopping non-essential spending before reconsidering the purchase. The requested amount cannot be safely supported by the current financial position. Available payment plans do not provide a safe solution."
request_213,3362.4,affordable_now,not_recommended,none,2026-01-07,none,"The requested purchase of 3,362.40 USD fits within the calculated safe spending amount of 3,362.40 USD. Proceed with the purchase while maintaining the required financial reserve. The requested purchase fits within the current available balance. The purchase preserves the required minimum financial reserve. The 90-day forecast remains above the user's safety floor."
request_214,69750.0,affordable_now,not_recommended,none,2024-12-04,none,"The requested purchase of 69,750.00 INR fits within the calculated safe spending amount of 69,750.00 INR. Proceed with the purchase while maintaining the required financial reserve. The requested purchase fits within the current available balance. The purchase preserves the required minimum financial reserve. The 90-day forecast remains above the user's safety floor."
request_215,29986.0,affordable_now,not_recommended,none,2025-05-06,none,"The requested purchase of 29,986.00 ZAR fits within the calculated safe spending amount of 29,986.00 ZAR. Proceed with the purchase while maintaining the required financial reserve. The requested purchase fits within the current available balance. The purchase preserves the required minimum financial reserve. The 90-day forecast remains above the user's safety floor."
request_216,1166.8000000000002,not_affordable,not_recommended,none,,Consider reducing spending in dining.|Consider reducing spending in streaming.|Consider stopping non-essential spending in streaming.,"The requested purchase of 3,332.40 USD exceeds the currently calculated safe spending capacity of 1,166.80 USD. Do not make the purchase yet. Consider reducing or stopping non-essential spending before reconsidering the purchase. The requested amount cannot be safely supported by the current financial position. Available payment plans do not provide a safe solution."
request_217,37180.0,affordable_later,not_recommended,none,2024-03-15,none,"The requested purchase of 37,180.00 ZAR is safer after the financial position improves. The calculated earliest safe date is 2024-03-15. Wait until 2024-03-15 before making the purchase. The purchase is not safely affordable under the current cash position. Waiting until the identified future date provides a safer cash position."
request_218,61142000.0,affordable_later,not_recommended,none,2025-08-15,none,"The requested purchase of 61,142,000.00 IDR is safer after the financial position improves. The calculated earliest safe date is 2025-08-15. Wait until 2025-08-15 before making the purchase. The purchase is not safely affordable under the current cash position. Waiting until the identified future date provides a safer cash position."
request_219,1673.1,affordable_now,not_recommended,none,2026-04-04,none,"The requested purchase of 1,673.10 EUR fits within the calculated safe spending amount of 1,673.10 EUR. Proceed with the purchase while maintaining the required financial reserve. The requested purchase fits within the current available balance. The purchase preserves the required minimum financial reserve. The 90-day forecast remains above the user's safety floor."
request_220,387.31999999999994,not_affordable,not_recommended,none,,Consider reducing spending in dining.|Consider reducing spending in entertainment.|Consider stopping non-essential spending in gym.,"The requested purchase of 3,118.50 EUR exceeds the currently calculated safe spending capacity of 387.32 EUR. Do not make the purchase yet. Consider reducing or stopping non-essential spending before reconsidering the purchase. The requested amount cannot be safely supported by the current financial position. Available payment plans do not provide a safe solution."
request_221,109800.0,affordable_now,not_recommended,none,2025-11-03,none,"The requested purchase of 109,800.00 INR fits within the calculated safe spending amount of 109,800.00 INR. Proceed with the purchase while maintaining the required financial reserve. The requested purchase fits within the current available balance. The purchase preserves the required minimum financial reserve. The 90-day forecast remains above the user's safety floor."
request_222,34078.0,affordable_now,not_recommended,none,2026-01-05,none,"The requested purchase of 34,078.00 ZAR fits within the calculated safe spending amount of 34,078.00 ZAR. Proceed with the purchase while maintaining the required financial reserve. The requested purchase fits within the current available balance. The purchase preserves the required minimum financial reserve. The 90-day forecast remains above the user's safety floor."
request_223,898.7,affordable_now,not_recommended,none,2024-09-07,none,The requested purchase of 898.70 EUR fits within the calculated safe spending amount of 898.70 EUR. Proceed with the purchase while maintaining the required financial reserve. The requested purchase fits within the current available balance. The purchase preserves the required minimum financial reserve. The 90-day forecast remains above the user's safety floor.
request_224,10327000.0,affordable_now,not_recommended,none,2025-02-04,none,"The requested purchase of 10,327,000.00 IDR fits within the calculated safe spending amount of 10,327,000.00 IDR. Proceed with the purchase while maintaining the required financial reserve. The requested purchase fits within the current available balance. The purchase preserves the required minimum financial reserve. The 90-day forecast remains above the user's safety floor."
request_225,18120459.6,not_affordable,not_recommended,none,,Consider reducing spending in streaming.|Consider stopping non-essential spending in cloud_storage.,"The requested purchase of 22,059,000.00 IDR exceeds the currently calculated safe spending capacity of 18,120,459.60 IDR. Do not make the purchase yet. Consider reducing or stopping non-essential spending before reconsidering the purchase. The requested amount cannot be safely supported by the current financial position. Available payment plans do not provide a safe solution."
request_226,157000.0,affordable_now,not_recommended,none,2024-12-03,none,"The requested purchase of 157,000.00 INR fits within the calculated safe spending amount of 157,000.00 INR. Proceed with the purchase while maintaining the required financial reserve. The requested purchase fits within the current available balance. The purchase preserves the required minimum financial reserve. The 90-day forecast remains above the user's safety floor."
request_227,42755.0,not_affordable,not_recommended,none,,Consider reducing spending in dining.|Consider reducing spending in entertainment.,"The requested purchase of 259,700.00 INR exceeds the currently calculated safe spending capacity of 42,755.00 INR. Do not make the purchase yet. Consider reducing or stopping non-essential spending before reconsidering the purchase. The requested amount cannot be safely supported by the current financial position. Available payment plans do not provide a safe solution."
request_228,10557350.0,not_affordable,not_recommended,none,,Consider reducing spending in dining.|Consider stopping non-essential spending in music_subscription.|Consider stopping non-essential spending in delivery_membership.,"The requested purchase of 63,327,000.00 IDR exceeds the currently calculated safe spending capacity of 10,557,350.00 IDR. Do not make the purchase yet. Consider reducing or stopping non-essential spending before reconsidering the purchase. The requested amount cannot be safely supported by the current financial position. Available payment plans do not provide a safe solution."
request_229,727.52,not_affordable,not_recommended,none,,Consider stopping non-essential spending in music_subscription.|Consider stopping non-essential spending in delivery_membership.,"The requested purchase of 1,526.80 EUR exceeds the currently calculated safe spending capacity of 727.52 EUR. Do not make the purchase yet. Consider reducing or stopping non-essential spending before reconsidering the purchase. The requested amount cannot be safely supported by the current financial position. Available payment plans do not provide a safe solution."
request_230,3537.6,affordable_now,not_recommended,none,2025-08-06,none,"The requested purchase of 3,537.60 EUR fits within the calculated safe spending amount of 3,537.60 EUR. Proceed with the purchase while maintaining the required financial reserve. The requested purchase fits within the current available balance. The purchase preserves the required minimum financial reserve. The 90-day forecast remains above the user's safety floor."
request_231,35706.0,affordable_now,not_recommended,none,2026-01-03,none,"The requested purchase of 35,706.00 ZAR fits within the calculated safe spending amount of 35,706.00 ZAR. Proceed with the purchase while maintaining the required financial reserve. The requested purchase fits within the current available balance. The purchase preserves the required minimum financial reserve. The 90-day forecast remains above the user's safety floor."
request_232,1869.3999999999996,not_affordable,not_recommended,none,,Consider reducing spending in dining.|Consider stopping non-essential spending in music_subscription.,"The requested purchase of 1,970.10 EUR exceeds the currently calculated safe spending capacity of 1,869.40 EUR. Do not make the purchase yet. Consider reducing or stopping non-essential spending before reconsidering the purchase. The requested amount cannot be safely supported by the current financial position. Available payment plans do not provide a safe solution."
request_233,6241000.0,affordable_now,not_recommended,none,2025-11-07,none,"The requested purchase of 6,241,000.00 IDR fits within the calculated safe spending amount of 6,241,000.00 IDR. Proceed with the purchase while maintaining the required financial reserve. The requested purchase fits within the current available balance. The purchase preserves the required minimum financial reserve. The 90-day forecast remains above the user's safety floor."
request_234,574.25,not_affordable,not_recommended,none,,Consider reducing spending in dining.|Consider reducing spending in streaming.|Consider stopping non-essential spending in streaming.,"The requested purchase of 1,213.30 EUR exceeds the currently calculated safe spending capacity of 574.25 EUR. Do not make the purchase yet. Consider reducing or stopping non-essential spending before reconsidering the purchase. The requested amount cannot be safely supported by the current financial position. Available payment plans do not provide a safe solution."
request_235,967.2,affordable_now,not_recommended,none,2024-09-06,none,The requested purchase of 967.20 USD fits within the calculated safe spending amount of 967.20 USD. Proceed with the purchase while maintaining the required financial reserve. The requested purchase fits within the current available balance. The purchase preserves the required minimum financial reserve. The 90-day forecast remains above the user's safety floor.
request_236,14404850.0,not_affordable,not_recommended,none,,Consider reducing spending in dining.|Consider stopping non-essential spending in cloud_storage.,"The requested purchase of 52,383,000.00 IDR exceeds the currently calculated safe spending capacity of 14,404,850.00 IDR. Do not make the purchase yet. Consider reducing or stopping non-essential spending before reconsidering the purchase. The requested amount cannot be safely supported by the current financial position. Available payment plans do not provide a safe solution."
request_237,23826000.0,affordable_now,not_recommended,none,2026-04-05,none,"The requested purchase of 23,826,000.00 IDR fits within the calculated safe spending amount of 23,826,000.00 IDR. Proceed with the purchase while maintaining the required financial reserve. The requested purchase fits within the current available balance. The purchase preserves the required minimum financial reserve. The 90-day forecast remains above the user's safety floor."
request_238,663.6,affordable_now,not_recommended,none,2024-12-07,none,The requested purchase of 663.60 USD fits within the calculated safe spending amount of 663.60 USD. Proceed with the purchase while maintaining the required financial reserve. The requested purchase fits within the current available balance. The purchase preserves the required minimum financial reserve. The 90-day forecast remains above the user's safety floor.
request_239,642.0,affordable_now,not_recommended,none,2025-05-04,none,The requested purchase of 642.00 USD fits within the calculated safe spending amount of 642.00 USD. Proceed with the purchase while maintaining the required financial reserve. The requested purchase fits within the current available balance. The purchase preserves the required minimum financial reserve. The 90-day forecast remains above the user's safety floor.
request_240,39920.0,not_affordable,not_recommended,none,,Consider reducing spending in dining.|Consider stopping non-essential spending in music_subscription.|Consider stopping non-essential spending in delivery_membership.,"The requested purchase of 101,200.00 INR exceeds the currently calculated safe spending capacity of 39,920.00 INR. Do not make the purchase yet. Consider reducing or stopping non-essential spending before reconsidering the purchase. The requested amount cannot be safely supported by the current financial position. Available payment plans do not provide a safe solution."
request_241,21052000.0,affordable_now,not_recommended,none,2024-03-03,none,"The requested purchase of 21,052,000.00 IDR fits within the calculated safe spending amount of 21,052,000.00 IDR. Proceed with the purchase while maintaining the required financial reserve. The requested purchase fits within the current available balance. The purchase preserves the required minimum financial reserve. The 90-day forecast remains above the user's safety floor."
request_242,437.4000000000001,not_affordable,not_recommended,none,,Consider reducing spending in dining.|Consider stopping non-essential spending in music_subscription.|Consider stopping non-essential spending in delivery_membership.,"The requested purchase of 1,966.80 EUR exceeds the currently calculated safe spending capacity of 437.40 EUR. Do not make the purchase yet. Consider reducing or stopping non-essential spending before reconsidering the purchase. The requested amount cannot be safely supported by the current financial position. Available payment plans do not provide a safe solution."
request_243,17468.0,affordable_now,not_recommended,none,2026-07-07,none,"The requested purchase of 17,468.00 ZAR fits within the calculated safe spending amount of 17,468.00 ZAR. Proceed with the purchase while maintaining the required financial reserve. The requested purchase fits within the current available balance. The purchase preserves the required minimum financial reserve. The 90-day forecast remains above the user's safety floor."
request_244,49918.0,affordable_now,not_recommended,none,2024-06-04,none,"The requested purchase of 49,918.00 ZAR fits within the calculated safe spending amount of 49,918.00 ZAR. Proceed with the purchase while maintaining the required financial reserve. The requested purchase fits within the current available balance. The purchase preserves the required minimum financial reserve. The 90-day forecast remains above the user's safety floor."
request_245,65760.0,not_affordable,not_recommended,none,,Consider reducing spending in dining.,"The requested purchase of 128,500.00 INR exceeds the currently calculated safe spending capacity of 65,760.00 INR. Do not make the purchase yet. Consider reducing or stopping non-essential spending before reconsidering the purchase. The requested amount cannot be safely supported by the current financial position. Available payment plans do not provide a safe solution."
request_246,64086.0,affordable_now,not_recommended,none,2026-04-03,none,"The requested purchase of 64,086.00 ZAR fits within the calculated safe spending amount of 64,086.00 ZAR. Proceed with the purchase while maintaining the required financial reserve. The requested purchase fits within the current available balance. The purchase preserves the required minimum financial reserve. The 90-day forecast remains above the user's safety floor."
request_247,1059.3,affordable_now,not_recommended,none,2024-09-05,none,"The requested purchase of 1,059.30 EUR fits within the calculated safe spending amount of 1,059.30 EUR. Proceed with the purchase while maintaining the required financial reserve. The requested purchase fits within the current available balance. The purchase preserves the required minimum financial reserve. The 90-day forecast remains above the user's safety floor."
request_248,1507.3600000000001,not_affordable,not_recommended,none,,Consider reducing spending in shopping.|Consider stopping non-essential spending in cloud_storage.,"The requested purchase of 1,965.60 USD exceeds the currently calculated safe spending capacity of 1,507.36 USD. Do not make the purchase yet. Consider reducing or stopping non-essential spending before reconsidering the purchase. The requested amount cannot be safely supported by the current financial position. Available payment plans do not provide a safe solution."
request_249,342.4,not_affordable,not_recommended,none,,Consider stopping non-essential spending in streaming.|Consider stopping non-essential spending in cloud_storage.,The requested purchase of 643.20 USD exceeds the currently calculated safe spending capacity of 342.40 USD. Do not make the purchase yet. Consider reducing or stopping non-essential spending before reconsidering the purchase. The requested amount cannot be safely supported by the current financial position. Available payment plans do not provide a safe solution.
request_250,28820.0,not_affordable,not_recommended,none,,Consider reducing spending in dining.|Consider stopping non-essential spending in music_subscription.,"The requested purchase of 124,278.00 ZAR exceeds the currently calculated safe spending capacity of 28,820.00 ZAR. Do not make the purchase yet. Consider reducing or stopping non-essential spending before reconsidering the purchase. The requested amount cannot be safely supported by the current financial position. Available payment plans do not provide a safe solution."
request_251,1513.6,affordable_now,not_recommended,none,2025-05-03,none,"The requested purchase of 1,513.60 EUR fits within the calculated safe spending amount of 1,513.60 EUR. Proceed with the purchase while maintaining the required financial reserve. The requested purchase fits within the current available balance. The purchase preserves the required minimum financial reserve. The 90-day forecast remains above the user's safety floor."
request_252,10098500.0,not_affordable,not_recommended,none,,Consider reducing spending in streaming.|Consider stopping non-essential spending in streaming.,"The requested purchase of 28,082,000.00 IDR exceeds the currently calculated safe spending capacity of 10,098,500.00 IDR. Do not make the purchase yet. Consider reducing or stopping non-essential spending before reconsidering the purchase. The requested amount cannot be safely supported by the current financial position. Available payment plans do not provide a safe solution."
request_253,2143.5699999999997,not_affordable,not_recommended,none,,Consider reducing spending in dining.|Consider stopping non-essential spending in cloud_storage.,"The requested purchase of 2,840.20 EUR exceeds the currently calculated safe spending capacity of 2,143.57 EUR. Do not make the purchase yet. Consider reducing or stopping non-essential spending before reconsidering the purchase. The requested amount cannot be safely supported by the current financial position. Available payment plans do not provide a safe solution."
request_254,1759.6000000000004,not_affordable,not_recommended,none,,Consider reducing spending in dining.|Consider reducing spending in entertainment.|Consider stopping non-essential spending in cloud_storage.,"The requested purchase of 3,535.20 USD exceeds the currently calculated safe spending capacity of 1,759.60 USD. Do not make the purchase yet. Consider reducing or stopping non-essential spending before reconsidering the purchase. The requested amount cannot be safely supported by the current financial position. Available payment plans do not provide a safe solution."
request_255,3345000.0,affordable_now,not_recommended,none,2026-04-06,none,"The requested purchase of 3,345,000.00 IDR fits within the calculated safe spending amount of 3,345,000.00 IDR. Proceed with the purchase while maintaining the required financial reserve. The requested purchase fits within the current available balance. The purchase preserves the required minimum financial reserve. The 90-day forecast remains above the user's safety floor."
request_256,218700.0,affordable_now,not_recommended,none,2024-06-03,none,"The requested purchase of 218,700.00 INR fits within the calculated safe spending amount of 218,700.00 INR. Proceed with the purchase while maintaining the required financial reserve. The requested purchase fits within the current available balance. The purchase preserves the required minimum financial reserve. The 90-day forecast remains above the user's safety floor."
request_257,1352.4,affordable_later,not_recommended,none,2025-11-15,none,"The requested purchase of 1,352.40 USD is safer after the financial position improves. The calculated earliest safe date is 2025-11-15. Wait until 2025-11-15 before making the purchase. The purchase is not safely affordable under the current cash position. Waiting until the identified future date provides a safer cash position."
request_258,1113.6,affordable_now,not_recommended,none,2026-01-07,none,"The requested purchase of 1,113.60 USD fits within the calculated safe spending amount of 1,113.60 USD. Proceed with the purchase while maintaining the required financial reserve. The requested purchase fits within the current available balance. The purchase preserves the required minimum financial reserve. The 90-day forecast remains above the user's safety floor."
request_259,627.3,not_affordable,not_recommended,none,,Consider reducing spending in dining.|Consider stopping non-essential spending in music_subscription.,The requested purchase of 935.00 EUR exceeds the currently calculated safe spending capacity of 627.30 EUR. Do not make the purchase yet. Consider reducing or stopping non-essential spending before reconsidering the purchase. The requested amount cannot be safely supported by the current financial position. Available payment plans do not provide a safe solution.
request_260,15059400.0,not_affordable,not_recommended,none,,Consider reducing spending in dining.|Consider reducing spending in shopping.|Consider reducing spending in entertainment.,"The requested purchase of 52,079,000.00 IDR exceeds the currently calculated safe spending capacity of 15,059,400.00 IDR. Do not make the purchase yet. Consider reducing or stopping non-essential spending before reconsidering the purchase. The requested amount cannot be safely supported by the current financial position. Available payment plans do not provide a safe solution."
request_261,1830.4,affordable_now,not_recommended,none,2026-07-03,none,"The requested purchase of 1,830.40 EUR fits within the calculated safe spending amount of 1,830.40 EUR. Proceed with the purchase while maintaining the required financial reserve. The requested purchase fits within the current available balance. The purchase preserves the required minimum financial reserve. The 90-day forecast remains above the user's safety floor."
request_262,9236000.0,affordable_now,not_recommended,none,2024-12-05,none,"The requested purchase of 9,236,000.00 IDR fits within the calculated safe spending amount of 9,236,000.00 IDR. Proceed with the purchase while maintaining the required financial reserve. The requested purchase fits within the current available balance. The purchase preserves the required minimum financial reserve. The 90-day forecast remains above the user's safety floor."
request_263,14718.0,not_affordable,not_recommended,none,,Consider reducing spending in shopping.|Consider stopping non-essential spending in streaming.|Consider stopping non-essential spending in cloud_storage.,"The requested purchase of 51,546.00 ZAR exceeds the currently calculated safe spending capacity of 14,718.00 ZAR. Do not make the purchase yet. Consider reducing or stopping non-essential spending before reconsidering the purchase. The requested amount cannot be safely supported by the current financial position. Available payment plans do not provide a safe solution."
request_264,39795.0,not_affordable,not_recommended,none,,Consider reducing spending in shopping.|Consider stopping non-essential spending in streaming.,"The requested purchase of 111,300.00 INR exceeds the currently calculated safe spending capacity of 39,795.00 INR. Do not make the purchase yet. Consider reducing or stopping non-essential spending before reconsidering the purchase. The requested amount cannot be safely supported by the current financial position. Available payment plans do not provide a safe solution."
request_265,45970.0,affordable_now,not_recommended,none,2024-03-06,none,"The requested purchase of 45,970.00 INR fits within the calculated safe spending amount of 45,970.00 INR. Proceed with the purchase while maintaining the required financial reserve. The requested purchase fits within the current available balance. The purchase preserves the required minimum financial reserve. The 90-day forecast remains above the user's safety floor."
request_266,935.0,affordable_now,not_recommended,none,2025-08-03,none,The requested purchase of 935.00 EUR fits within the calculated safe spending amount of 935.00 EUR. Proceed with the purchase while maintaining the required financial reserve. The requested purchase fits within the current available balance. The purchase preserves the required minimum financial reserve. The 90-day forecast remains above the user's safety floor.
request_267,1925.0,affordable_now,not_recommended,none,2026-01-05,none,"The requested purchase of 1,925.00 EUR fits within the calculated safe spending amount of 1,925.00 EUR. Proceed with the purchase while maintaining the required financial reserve. The requested purchase fits within the current available balance. The purchase preserves the required minimum financial reserve. The 90-day forecast remains above the user's safety floor."
request_268,1512.52,not_affordable,not_recommended,none,,Consider reducing spending in dining.|Consider stopping non-essential spending in music_subscription.,"The requested purchase of 2,426.60 EUR exceeds the currently calculated safe spending capacity of 1,512.52 EUR. Do not make the purchase yet. Consider reducing or stopping non-essential spending before reconsidering the purchase. The requested amount cannot be safely supported by the current financial position. Available payment plans do not provide a safe solution."
request_269,15490.0,affordable_now,not_recommended,none,2025-11-04,none,"The requested purchase of 15,490.00 ZAR fits within the calculated safe spending amount of 15,490.00 ZAR. Proceed with the purchase while maintaining the required financial reserve. The requested purchase fits within the current available balance. The purchase preserves the required minimum financial reserve. The 90-day forecast remains above the user's safety floor."
request_270,535.4000000000001,not_affordable,not_recommended,none,,Consider reducing spending in dining.|Consider reducing spending in streaming.,"The requested purchase of 3,028.80 USD exceeds the currently calculated safe spending capacity of 535.40 USD. Do not make the purchase yet. Consider reducing or stopping non-essential spending before reconsidering the purchase. The requested amount cannot be safely supported by the current financial position. Available payment plans do not provide a safe solution."
request_271,84760.0,not_affordable,not_recommended,none,,Consider reducing spending in dining.|Consider reducing spending in streaming.|Consider reducing spending in shopping.|Consider stopping non-essential spending in streaming.|Consider stopping non-essential spending in cloud_storage.,"The requested purchase of 91,300.00 INR exceeds the currently calculated safe spending capacity of 84,760.00 INR. Do not make the purchase yet. Consider reducing or stopping non-essential spending before reconsidering the purchase. The requested amount cannot be safely supported by the current financial position. Available payment plans do not provide a safe solution."
request_272,8815924.0,not_affordable,not_recommended,none,,Consider reducing spending in entertainment.|Consider stopping non-essential spending in cloud_storage.,"The requested purchase of 13,585,000.00 IDR exceeds the currently calculated safe spending capacity of 8,815,924.00 IDR. Do not make the purchase yet. Consider reducing or stopping non-essential spending before reconsidering the purchase. The requested amount cannot be safely supported by the current financial position. Available payment plans do not provide a safe solution."
request_273,13372200.0,not_affordable,not_recommended,none,,Consider reducing spending in dining.|Consider reducing spending in streaming.|Consider stopping non-essential spending in streaming.|Consider stopping non-essential spending in cloud_storage.,"The requested purchase of 15,861,000.00 IDR exceeds the currently calculated safe spending capacity of 13,372,200.00 IDR. Do not make the purchase yet. Consider reducing or stopping non-essential spending before reconsidering the purchase. The requested amount cannot be safely supported by the current financial position. Available payment plans do not provide a safe solution."
request_274,2713.7,affordable_now,not_recommended,none,2024-12-04,none,"The requested purchase of 2,713.70 EUR fits within the calculated safe spending amount of 2,713.70 EUR. Proceed with the purchase while maintaining the required financial reserve. The requested purchase fits within the current available balance. The purchase preserves the required minimum financial reserve. The 90-day forecast remains above the user's safety floor."
request_275,15884000.0,affordable_now,not_recommended,none,2025-05-06,none,"The requested purchase of 15,884,000.00 IDR fits within the calculated safe spending amount of 15,884,000.00 IDR. Proceed with the purchase while maintaining the required financial reserve. The requested purchase fits within the current available balance. The purchase preserves the required minimum financial reserve. The 90-day forecast remains above the user's safety floor."
